"","var","m.ranger","m.Xgboost","m.glmnet","rmse.ranger","rmse.Xgboost","rmse.glmnet"
"1","oc.f",0.39908997395995,0.60091002604005,0,11.5663876366782,11.0166381718448,44.0799412693635
"2","db_od",0.205305575294633,0.794694424705367,0,0.0274017545571829,0.0238086471061351,0.086798711113505
"3","ph_h2o",0.870132451936509,0.129867548063491,0,0.199168278539023,0.264929681702221,0.843180596820948
"4","clay_tot_psa",0.999404543515816,0.000595456484183874,0,65.5134147070526,98.1338285130976,298.870920317691
"5","sand_tot_psa",0.990173173498307,0.00982682650169296,0,112.427229457131,180.100722349528,583.417441946529
"6","silt_tot_psa",0.972047249005117,0.0279527509948833,0,55.3415695196069,82.4009386960349,242.1647684409
"7","wpg2",0.542622048142926,0.457377951857074,0,91.2219721487497,93.4265242691213,228.731645523153
