"","var","m.ranger","m.Xgboost","rmse.ranger","rmse.Xgboost"
"1","w3cld",0.752172751012822,0.247827248987178,7.83312776886145,8.16509666623693
"2","w15l2",0.627290176217639,0.372709823782361,7.7521332676465,7.91619957153944
