"","var","m.ranger","m.Xgboost","rmse.ranger","rmse.Xgboost"
"1","w3cld",0.662074935782156,0.337925064217844,7.9751797772602,8.12049207986105
"2","w15l2",0.685222802549116,0.314777197450884,7.70123824870808,7.87020485581412
