{"extent": {"south": -62.00080943399996, "north": 87.37, "west": 179.9999424, "east": -180.0}, "bands": [{"max": 127.0, "id": 0, "min": 0.0}]}