{"extent": {"south": -62.00081000000001, "north": 87.37, "west": 179.99994000000004, "east": -180.0}, "bands": [{"max": 9759.0, "id": 0, "min": -9718.0}]}