{"extent": {"south": -61.996666666650036, "north": 87.36999940255, "west": 179.99999856005005, "east": -179.99999999995}, "bands": [{"max": 248.0, "id": 0, "min": 1.0}]}