{"extent": {"south": -61.996666666666584, "north": 87.37, "west": 179.99999999999983, "east": -180.0}, "bands": [{"max": 212.0, "id": 0, "min": -181.0}]}