{"extent": {"south": -62.000809434000026, "north": 87.37, "west": 179.9999424, "east": -180.0}, "bands": [{"max": 434.0, "id": 0, "min": 1.0}]}